Time, Build-in, Thermistor, Humiture, Temperature DS18b20
1662088238, 26.57626, 24037, 54957, 52972
1662088239, 26.57626, 24149, 54621, 52972
1662088240, 26.57626, 24085, 54557, 53277
1662088241, 26.57626, 24101, 54573, 53132
